Transaction Date,Local Authority Establishment,Benificiary (Merchant),Amount,Unrecoverable VAT,Expenditure Purpose,Merchant Category
26/01/2016,D C C - BIDEFORD COLLEGE,Amazon UK Retail,17.96,0,Mail Order / Direct Selling,Direct sales companies
26/01/2016,D C C - BIDEFORD COLLEGE,WWW.LABELS-DIRECT.CO.U,14.38,0,"Office Stationery, Equipment and Supplies",Photocopy & reproduction services
29/01/2016,D C C - BIDEFORD COLLEGE,PAYPAL GROUPONINTE,-12.98,0,General Retail and Wholesale,Discount stores
4/2/2016,D C C - BIDEFORD COLLEGE,Amazon UK Marketplace,19.35,0,General Retail and Wholesale,Miscellaneous retail
9/2/2016,D C C - BIDEFORD COLLEGE,JS ONLINE GROCERY,92.75,0,General Retail and Wholesale,Grocery stores
4/3/2016,D C C - BIDEFORD COLLEGE,Amazon UK Retail,-17.96,0,Mail Order / Direct Selling,Direct sales companies
23/01/2016,D C C WESTCROFT JUNIOR SCHOOL,Amazon UK Marketplace,54.12,0,General Retail and Wholesale,Miscellaneous retail
25/01/2016,D C C WESTCROFT JUNIOR SCHOOL,"Amazon Svcs Europe,SAR",28.18,0,Books and Periodicals,Book stores
25/01/2016,D C C WESTCROFT JUNIOR SCHOOL,Amazon UK Marketplace,16.98,0,Books and Periodicals,Book stores
25/01/2016,D C C WESTCROFT JUNIOR SCHOOL,GODADDY COM EUROPE,6.1,0,Computer Equipment & Services,Computer network information services
25/01/2016,D C C WESTCROFT JUNIOR SCHOOL,Amazon UK Marketplace,14.98,0,General Retail and Wholesale,Miscellaneous retail
25/01/2016,D C C WESTCROFT JUNIOR SCHOOL,Amazon UK Marketplace,6.99,0,General Retail and Wholesale,Miscellaneous retail
25/01/2016,D C C WESTCROFT JUNIOR SCHOOL,Amazon UK Retail,61.79,0,Mail Order / Direct Selling,Direct sales companies
25/01/2016,D C C WESTCROFT JUNIOR SCHOOL,Amazon UK Retail,19.11,0,Mail Order / Direct Selling,Direct sales companies
26/01/2016,D C C WESTCROFT JUNIOR SCHOOL,Amazon UK Marketplace,98.9,0,General Retail and Wholesale,Miscellaneous retail
29/01/2016,D C C WESTCROFT JUNIOR SCHOOL,Amazon UK Marketplace,33.95,0,Books and Periodicals,Book stores
29/01/2016,D C C WESTCROFT JUNIOR SCHOOL,EDUBLOGS,28.88,0,Computer Equipment & Services,"Programming, data processing & system design"
29/01/2016,D C C WESTCROFT JUNIOR SCHOOL,OMOTAYO LTD,58.9,0,General Retail and Wholesale,"Hobby, toy & game shops"
29/01/2016,D C C WESTCROFT JUNIOR SCHOOL,Amazon UK Marketplace,18.38,0,General Retail and Wholesale,Miscellaneous retail
30/01/2016,D C C WESTCROFT JUNIOR SCHOOL,Amazon UK Marketplace,23.99,0,General Retail and Wholesale,Miscellaneous retail
1/2/2016,D C C WESTCROFT JUNIOR SCHOOL,Amazon UK Marketplace,43.27,0,Books and Periodicals,Book stores
1/2/2016,D C C WESTCROFT JUNIOR SCHOOL,Amazon UK Marketplace,20.95,0,Books and Periodicals,Book stores
1/2/2016,D C C WESTCROFT JUNIOR SCHOOL,OMOTAYO LTD,58.9,0,General Retail and Wholesale,"Hobby, toy & game shops"
5/2/2016,D C C WESTCROFT JUNIOR SCHOOL,MCGRAW-HILL ED,39.98,0,Books and Periodicals,"Books, periodicals & newspapers"
5/2/2016,D C C WESTCROFT JUNIOR SCHOOL,Amazon UK Retail,18.95,0,Mail Order / Direct Selling,Direct sales companies
11/2/2016,D C C WESTCROFT JUNIOR SCHOOL,SOUTHWESTTRAINS,82.65,0,Travel - Air/Rail/Road,Passenger railways
22/02/2016,D C C WESTCROFT JUNIOR SCHOOL,WWW.DVLA.GOV.UK,227.5,0,Statutory Bodies,Government services
24/02/2016,D C C WESTCROFT JUNIOR SCHOOL,WWW.FIRSTFENCE.NET,331.01,0,Building Materials,Timber & building supplies
26/02/2016,D C C WESTCROFT JUNIOR SCHOOL,Amazon UK Retail,19.49,0,Mail Order / Direct Selling,Direct sales companies
2/3/2016,D C C WESTCROFT JUNIOR SCHOOL,Amazon UK Retail,12.99,0,Mail Order / Direct Selling,Direct sales companies
8/3/2016,D C C WESTCROFT JUNIOR SCHOOL,TVLICENSING.CO.UK,145.5,0,Professional Services,Consultants & public relation services
18/03/2016,D C C WESTCROFT JUNIOR SCHOOL,IBIS READING CENTR,71.25,0,Hotels and Accommodation,"Hotels, motels & resorts"
23/03/2016,D C C WESTCROFT JUNIOR SCHOOL,CORNWALL FARMERS,126,0,Miscellaneous Industrial/Commercial Supplies,Misc business services
14/04/2016,D C C WESTCROFT JUNIOR SCHOOL,Amazon UK Marketplace,31.84,0,General Retail and Wholesale,Miscellaneous retail
21/04/2016,D C C WESTCROFT JUNIOR SCHOOL,WWW ESPARES CO UK,42.81,0,Building Materials,Electrical parts & equipment
1/2/2016,DCC - BAMPTON PRIM - C 0575599,Amazon UK Retail,12.78,0,Mail Order / Direct Selling,Direct sales companies
5/2/2016,DCC - BAMPTON PRIM - C 0575599,Amazon UK Retail,20,0,Mail Order / Direct Selling,Direct sales companies
6/2/2016,DCC - BAMPTON PRIM - C 0575599,Amazon UK Retail,3.9,0,Mail Order / Direct Selling,Direct sales companies
10/2/2016,DCC - BAMPTON PRIM - C 0575599,Amazon UK Retail,10.5,0,Mail Order / Direct Selling,Direct sales companies
10/2/2016,DCC - BAMPTON PRIM - C 0575599,Amazon UK Retail,10.06,0,Mail Order / Direct Selling,Direct sales companies
23/02/2016,DCC - BAMPTON PRIM - C 0575599,Amazon UK Marketplace,6.83,0,Books and Periodicals,Book stores
26/02/2016,DCC - BAMPTON PRIM - C 0575599,DROPBOX SNWLSS6VX1VJ,79,0,Computer Equipment & Services,Computer network information services
3/3/2016,DCC - BAMPTON PRIM - C 0575599,Amazon UK Marketplace,16.73,0,General Retail and Wholesale,Miscellaneous retail
3/3/2016,DCC - BAMPTON PRIM - C 0575599,Amazon UK Retail,21.85,0,Mail Order / Direct Selling,Direct sales companies
15/03/2016,DCC - BAMPTON PRIM - C 0575599,Amazon UK Marketplace,4.69,0,General Retail and Wholesale,Miscellaneous retail
28/03/2016,DCC - BAMPTON PRIM - C 0575599,Amazon UK Marketplace,21.8,0,General Retail and Wholesale,Miscellaneous retail
14/04/2016,DCC - BAMPTON PRIM - C 0575599,Amazon UK Retail,7.99,0,Mail Order / Direct Selling,Direct sales companies
22/01/2016,DCC - EXETER LEARNING DIS,Amazon UK Marketplace,10.5,0,Books and Periodicals,Book stores
22/01/2016,DCC - EXETER LEARNING DIS,THEFOAMSHOP.CO.UK,171.9,0,General Retail and Wholesale,Furniture & home furnishing
25/01/2016,DCC - EXETER LEARNING DIS,"Amazon Svcs Europe,SAR",28.5,0,Books and Periodicals,Book stores
4/2/2016,DCC - EXETER LEARNING DIS,Amazon UK Marketplace,20.22,0,Books and Periodicals,Book stores
4/2/2016,DCC - EXETER LEARNING DIS,Amazon UK Marketplace,14.44,0,General Retail and Wholesale,Miscellaneous retail
26/02/2016,DCC - EXETER LEARNING DIS,MOBILITYSMA,20.45,0,Professional Services,Professional services
16/03/2016,DCC - EXETER LEARNING DIS,Amazon UK Marketplace,3.48,0,Books and Periodicals,Book stores
17/03/2016,DCC - EXETER LEARNING DIS,"Amazon Svcs Europe,SAR",10.08,0,Books and Periodicals,Book stores
17/03/2016,DCC - EXETER LEARNING DIS,Amazon UK Marketplace,11.89,0,General Retail and Wholesale,Miscellaneous retail
17/03/2016,DCC - EXETER LEARNING DIS,TFH SPECIAL NEEDS,335.55,0,General Retail and Wholesale,"Hobby, toy & game shops"
17/03/2016,DCC - EXETER LEARNING DIS,WWW.ROMPALTD.COM,24.55,0,General Retail and Wholesale,Miscellaneous retail
23/03/2016,DCC - EXETER LEARNING DIS,ST. BRIDGET NURSERIES,198,0,Estate and Garden Services,Lawn & garden supply/nursery
29/03/2016,DCC - EXETER LEARNING DIS,B W TECHNOLOGIES L,59.9,0,Mail Order / Direct Selling,Catalogue sales
25/02/2016,DCC - LANDSCORE PRIMARY SCH,INTENSESPORTS.COUK,349,0,General Retail and Wholesale,Sporting goods shops
26/02/2016,DCC - LANDSCORE PRIMARY SCH,Amazon UK Marketplace,51.98,0,General Retail and Wholesale,Miscellaneous retail
27/02/2016,DCC - LANDSCORE PRIMARY SCH,Amazon Digital Dwnlds,7.99,0,General Retail and Wholesale,Record shops
7/3/2016,DCC - LANDSCORE PRIMARY SCH,IMPERIAL EXETER,244.96,0,Restaurants and Bars,Restaurants
7/3/2016,DCC - LANDSCORE PRIMARY SCH,PAYPAL PMPPUBLICAT,281.84,0,Training and Educational,Colleges & universities
15/03/2016,DCC - LANDSCORE PRIMARY SCH,Amazon Digital Dwnlds,6.29,0,General Retail and Wholesale,Record shops
27/03/2016,DCC - LANDSCORE PRIMARY SCH,Amazon Digital Dwnlds,6.99,0,General Retail and Wholesale,Record shops
28/03/2016,DCC - LANDSCORE PRIMARY SCH,Amazon UK Marketplace,12.49,0,General Retail and Wholesale,Miscellaneous retail
30/03/2016,DCC - LANDSCORE PRIMARY SCH,Amazon Digital Dwnlds,6.99,0,General Retail and Wholesale,Record shops
29/01/2016,DCC - WITHERIDGE PRIM SCHOOL,Amazon UK Marketplace,61.15,0,General Retail and Wholesale,Miscellaneous retail
2/2/2016,DCC - WITHERIDGE PRIM SCHOOL,Amazon UK Marketplace,-61.15,0,General Retail and Wholesale,Miscellaneous retail
5/2/2016,DCC - WITHERIDGE PRIM SCHOOL,GWR RAIL TICKETS AS,128.85,0,Travel - Air/Rail/Road,Passenger railways
10/2/2016,DCC - WITHERIDGE PRIM SCHOOL,TORRIDGE DISTRICT COUN,100,0,Statutory Bodies,Government services
6/3/2016,DCC - WITHERIDGE PRIM SCHOOL,TESCO STORES 5930,9.17,0,General Retail and Wholesale,Grocery stores
7/3/2016,DCC - WITHERIDGE PRIM SCHOOL,TESCO STORES 6269,115.77,0,General Retail and Wholesale,Grocery stores
21/03/2016,DCC - WITHERIDGE PRIM SCHOOL,NCC RESOURCES LTD,-30,0,Professional Services,Professional services
17/04/2016,DCC - WITHERIDGE PRIM SCHOOL,THIS IS IT,9.92,0,General Retail and Wholesale,"Hobby, toy & game shops"
2/2/2016,DCC COCKWOOD P.SCH-0479007,Amazon UK Marketplace,48.7,0,Books and Periodicals,Book stores
2/2/2016,DCC COCKWOOD P.SCH-0479007,Amazon UK Marketplace,11.99,0,General Retail and Wholesale,Miscellaneous retail
3/2/2016,DCC COCKWOOD P.SCH-0479007,Amazon UK Retail,289.99,0,Mail Order / Direct Selling,Direct sales companies
8/2/2016,DCC COCKWOOD P.SCH-0479007,Amazon UK Marketplace,23.98,0,General Retail and Wholesale,Miscellaneous retail
8/2/2016,DCC COCKWOOD P.SCH-0479007,Amazon UK Retail,10.76,0,Mail Order / Direct Selling,Direct sales companies
9/2/2016,DCC COCKWOOD P.SCH-0479007,TWINKL LTD,17.99,0,Clubs/Associations/Organisations,Membership organisations
9/2/2016,DCC COCKWOOD P.SCH-0479007,TWINKL LTD,29.99,0,Clubs/Associations/Organisations,Membership organisations
9/2/2016,DCC COCKWOOD P.SCH-0479007,TWINKL LTD,26.99,0,Clubs/Associations/Organisations,Membership organisations
29/02/2016,DCC COCKWOOD P.SCH-0479007,Amazon UK Marketplace,5.13,0,General Retail and Wholesale,Miscellaneous retail
1/3/2016,DCC COCKWOOD P.SCH-0479007,Amazon UK Marketplace,10.83,0,General Retail and Wholesale,Miscellaneous retail
9/3/2016,DCC COCKWOOD P.SCH-0479007,PIFT LTD,174.6,0,General Retail and Wholesale,Family clothing shops
15/03/2016,DCC COCKWOOD P.SCH-0479007,TENNIS FOUNDATION,242.5,0,Leisure Activities,"Civic, social & fraternal associations"
17/03/2016,DCC COCKWOOD P.SCH-0479007,Amazon UK Marketplace,56.98,0,Books and Periodicals,Book stores
17/03/2016,DCC COCKWOOD P.SCH-0479007,Amazon UK Marketplace,5.38,0,Books and Periodicals,Book stores
17/03/2016,DCC COCKWOOD P.SCH-0479007,Amazon UK Marketplace,13.75,0,General Retail and Wholesale,Miscellaneous retail
11/4/2016,DCC COCKWOOD P.SCH-0479007,Amazon UK Retail,35.11,0,Mail Order / Direct Selling,Direct sales companies
11/4/2016,DCC COCKWOOD P.SCH-0479007,Amazon UK Retail,7.99,0,Mail Order / Direct Selling,Direct sales companies
11/4/2016,DCC COCKWOOD P.SCH-0479007,Amazon UK Retail,6.37,0,Mail Order / Direct Selling,Direct sales companies
12/4/2016,DCC COCKWOOD P.SCH-0479007,Amazon UK Marketplace,2.81,0,General Retail and Wholesale,Miscellaneous retail
12/4/2016,DCC COCKWOOD P.SCH-0479007,Amazon UK Marketplace,3.74,0,General Retail and Wholesale,Miscellaneous retail
12/4/2016,DCC COCKWOOD P.SCH-0479007,Amazon UK Marketplace,2.8,0,General Retail and Wholesale,Miscellaneous retail
12/4/2016,DCC COCKWOOD P.SCH-0479007,Amazon UK Retail,15.3,0,Mail Order / Direct Selling,Direct sales companies
14/04/2016,DCC COCKWOOD P.SCH-0479007,Amazon UK Marketplace,11.95,0,General Retail and Wholesale,Miscellaneous retail
21/04/2016,DCC COCKWOOD P.SCH-0479007,Amazon UK Marketplace,-3.74,0,General Retail and Wholesale,Miscellaneous retail
29/01/2016,DCC COMM SERV'S DEVON-TIVERTON,Amazon UK Marketplace,53.94,0,Books and Periodicals,Book stores
29/01/2016,DCC COMM SERV'S DEVON-TIVERTON,Amazon UK Marketplace,23.98,0,General Retail and Wholesale,Miscellaneous retail
29/01/2016,DCC COMM SERV'S DEVON-TIVERTON,Amazon UK Marketplace,12.98,0,General Retail and Wholesale,Miscellaneous retail
29/01/2016,DCC COMM SERV'S DEVON-TIVERTON,Amazon UK Retail,65.94,0,Mail Order / Direct Selling,Direct sales companies
1/2/2016,DCC COMM SERV'S DEVON-TIVERTON,Amazon UK Marketplace,21.99,0,General Retail and Wholesale,Miscellaneous retail
3/2/2016,DCC COMM SERV'S DEVON-TIVERTON,Amazon UK Retail,36.59,0,Mail Order / Direct Selling,Direct sales companies
9/2/2016,DCC COMM SERV'S DEVON-TIVERTON,Amazon UK Marketplace,7.3,0,Books and Periodicals,Book stores
9/2/2016,DCC COMM SERV'S DEVON-TIVERTON,Amazon UK Marketplace,2.69,0,General Retail and Wholesale,Miscellaneous retail
10/2/2016,DCC COMM SERV'S DEVON-TIVERTON,Amazon UK Marketplace,8.5,0,Books and Periodicals,Book stores
10/2/2016,DCC COMM SERV'S DEVON-TIVERTON,Amazon UK Marketplace,6.98,0,Books and Periodicals,Book stores
10/2/2016,DCC COMM SERV'S DEVON-TIVERTON,Amazon UK Marketplace,12.84,0,General Retail and Wholesale,Miscellaneous retail
11/2/2016,DCC COMM SERV'S DEVON-TIVERTON,Amazon UK Marketplace,23.39,0,Books and Periodicals,Book stores
11/2/2016,DCC COMM SERV'S DEVON-TIVERTON,Amazon UK Marketplace,2.2,0,General Retail and Wholesale,Miscellaneous retail
17/02/2016,DCC COMM SERV'S DEVON-TIVERTON,Amazon UK Marketplace,-16.75,0,General Retail and Wholesale,Miscellaneous retail
18/02/2016,DCC COMM SERV'S DEVON-TIVERTON,Amazon UK Marketplace,-8.5,0,General Retail and Wholesale,Miscellaneous retail
18/02/2016,DCC COMM SERV'S DEVON-TIVERTON,Amazon UK Marketplace,-2.69,0,General Retail and Wholesale,Miscellaneous retail
18/02/2016,DCC COMM SERV'S DEVON-TIVERTON,B&M RETAIL,47.76,0,General Retail and Wholesale,Discount stores
19/02/2016,DCC COMM SERV'S DEVON-TIVERTON,Amazon UK Marketplace,19.38,0,General Retail and Wholesale,Miscellaneous retail
23/02/2016,DCC COMM SERV'S DEVON-TIVERTON,Amazon UK Marketplace,-6.98,0,General Retail and Wholesale,Miscellaneous retail
23/02/2016,DCC COMM SERV'S DEVON-TIVERTON,Amazon UK Marketplace,-7.3,0,General Retail and Wholesale,Miscellaneous retail
26/01/2016,DCC COURT OF PROTECT-C 0509893,FISH INSURANCE,135,0,Financial Services,"Insurance sales, underwritering, premiums"
1/2/2016,DCC COURT OF PROTECT-C 0509893,BUTLINS HOLIDAYS,471,0,Hotels and Accommodation,"Hotels, motels & resorts"
5/2/2016,DCC COURT OF PROTECT-C 0509893,PULLEN AND SYMES OPTICIAN,90,0,Medical Supplies and Services,Opticians
12/2/2016,DCC COURT OF PROTECT-C 0509893,WWW.HIGOS.CO.UK,185,0,Financial Services,"Insurance sales, underwritering, premiums"
2/3/2016,DCC COURT OF PROTECT-C 0509893,COUNTRYWIDE RESIDENTIA,260,0,Professional Services,Professional services
8/3/2016,DCC COURT OF PROTECT-C 0509893,EE & T-MOBILE,200.8,0,Telecommunication Services,Phone services
9/3/2016,DCC COURT OF PROTECT-C 0509893,GWR WEBSALES ECOM,23,0,Travel - Air/Rail/Road,Passenger railways
22/03/2016,DCC COURT OF PROTECT-C 0509893,WWW.GOV.UK,10,0,Professional Services,Professional services
23/03/2016,DCC COURT OF PROTECT-C 0509893,MID DEVON DC,47,0,Statutory Bodies,Government services
29/01/2016,DCC EAST DEVON LEARN DISB SERV,TESCO STORES 5138,82.7,0,General Retail and Wholesale,Grocery stores
4/2/2016,DCC EAST DEVON LEARN DISB SERV,TESCO STORES 5138,98.02,0,General Retail and Wholesale,Grocery stores
4/2/2016,DCC EAST DEVON LEARN DISB SERV,Amazon UK Retail,19.28,0,Mail Order / Direct Selling,Direct sales companies
11/2/2016,DCC EAST DEVON LEARN DISB SERV,TESCO STORES 5138,58.88,0,General Retail and Wholesale,Grocery stores
15/02/2016,DCC EAST DEVON LEARN DISB SERV,TESCO STORE 2679,19,0,General Retail and Wholesale,Grocery stores
16/02/2016,DCC EAST DEVON LEARN DISB SERV,TESCO-STORES 6457,-19,0,General Retail and Wholesale,Grocery stores
16/02/2016,DCC EAST DEVON LEARN DISB SERV,TESCO-STORES 6457,12.5,0,General Retail and Wholesale,Grocery stores
17/02/2016,DCC EAST DEVON LEARN DISB SERV,TESCO STORES 5138,97.25,0,General Retail and Wholesale,Grocery stores
25/02/2016,DCC EAST DEVON LEARN DISB SERV,DUSTBAG LTD,10.97,0,General Retail and Wholesale,Household appliance stores
25/02/2016,DCC EAST DEVON LEARN DISB SERV,TESCO STORES 5138,82.39,0,General Retail and Wholesale,Grocery stores
25/02/2016,DCC EAST DEVON LEARN DISB SERV,Amazon UK Retail,299.99,0,Mail Order / Direct Selling,Direct sales companies
3/3/2016,DCC EAST DEVON LEARN DISB SERV,TESCO STORES 5138,97.85,0,General Retail and Wholesale,Grocery stores
7/3/2016,DCC EAST DEVON LEARN DISB SERV,Amazon UK Marketplace,41.38,0,Books and Periodicals,Book stores
7/3/2016,DCC EAST DEVON LEARN DISB SERV,HOMEBASE LTD,94.99,0,Building Materials,Timber & building supplies
7/3/2016,DCC EAST DEVON LEARN DISB SERV,ARGOS LTD,54.99,0,General Retail and Wholesale,Discount stores
9/3/2016,DCC EAST DEVON LEARN DISB SERV,TESCO STORES 5138,71.44,0,General Retail and Wholesale,Grocery stores
10/3/2016,DCC EAST DEVON LEARN DISB SERV,HOMEBASE LTD,19,0,Building Materials,Timber & building supplies
10/3/2016,DCC EAST DEVON LEARN DISB SERV,ARGOS LTD,219.99,0,General Retail and Wholesale,Discount stores
10/3/2016,DCC EAST DEVON LEARN DISB SERV,ARGOS LTD,219.99,0,General Retail and Wholesale,Discount stores
18/03/2016,DCC EAST DEVON LEARN DISB SERV,TESCO STORES 5138,107.88,0,General Retail and Wholesale,Grocery stores
24/03/2016,DCC EAST DEVON LEARN DISB SERV,BRADFORDS BLDG SUP,245.53,0,Building Materials,Timber & building supplies
24/03/2016,DCC EAST DEVON LEARN DISB SERV,TESCO STORES 5138,104.37,0,General Retail and Wholesale,Grocery stores
1/4/2016,DCC EAST DEVON LEARN DISB SERV,TESCO STORES 5138,103.2,0,General Retail and Wholesale,Grocery stores
7/4/2016,DCC EAST DEVON LEARN DISB SERV,TESCO STORES 5138,84.74,0,General Retail and Wholesale,Grocery stores
14/04/2016,DCC EAST DEVON LEARN DISB SERV,TESCO STORES 5138,83.74,0,General Retail and Wholesale,Grocery stores
21/04/2016,DCC EAST DEVON LEARN DISB SERV,TESCO STORES 5138,80.9,0,General Retail and Wholesale,Grocery stores
3/2/2016,DCC HATHERLEIGH PS-C 0514362,SNAPFRAMES,154.84,0,Professional Services,Consultants & public relation services
1/3/2016,DCC HATHERLEIGH PS-C 0514362,Amazon UK Marketplace,15.3,0,Books and Periodicals,Book stores
19/04/2016,DCC HATHERLEIGH PS-C 0514362,Amazon UK Marketplace,83.99,0,General Retail and Wholesale,Miscellaneous retail
22/01/2016,DCC HORWOOD & NEWTON- C0529381,THE BOOK PEOPLE,61.95,0,Books and Periodicals,Book stores
25/01/2016,DCC HORWOOD & NEWTON- C0529381,THE BOOK PEOPLE,-9.99,0,Books and Periodicals,Book stores
24/03/2016,DCC HORWOOD & NEWTON- C0529381,Amazon UK Retail,7.99,0,Mail Order / Direct Selling,Direct sales companies
24/03/2016,DCC HORWOOD & NEWTON- C0529381,Amazon UK Retail,27.96,0,Mail Order / Direct Selling,Direct sales companies
26/01/2016,DCC KING EDWARD VI COMMUNITY C,Amazon UK Marketplace,59.78,0,General Retail and Wholesale,Miscellaneous retail
28/01/2016,DCC KING EDWARD VI COMMUNITY C,ORANGE (A/PM/01),293.56,0,Telecommunication Services,Phone services
5/2/2016,DCC KING EDWARD VI COMMUNITY C,WWW.NCR-DIRECT.COM,20.9,0,Computer Equipment & Services,"Programming, data processing & system design"
9/2/2016,DCC KING EDWARD VI COMMUNITY C,DELFONT MACKINTOSH,900,0,Leisure Activities,Theatres and ticket agencies
22/02/2016,DCC KING EDWARD VI COMMUNITY C,PHYSICALSPO,77,0,Medical Supplies and Services,"Laboratory, medical & hospital equipment"
29/02/2016,DCC KING EDWARD VI COMMUNITY C,TRAVELODGE WEBSITE,80,0,Hotels and Accommodation,Travelodge
14/03/2016,DCC KING EDWARD VI COMMUNITY C,AO RETAIL LIMITED,630,0,General Retail and Wholesale,Household appliance stores
15/03/2016,DCC KING EDWARD VI COMMUNITY C,TRAVELODGE WEBSITE,-39,0,Hotels and Accommodation,Travelodge
15/03/2016,DCC KING EDWARD VI COMMUNITY C,TRAVELODGE WEBSITE,-39,0,Hotels and Accommodation,Travelodge
17/03/2016,DCC KING EDWARD VI COMMUNITY C,TVLICENSING.CO.UK,145.5,0,Professional Services,Consultants & public relation services
22/03/2016,DCC KING EDWARD VI COMMUNITY C,PREMIER INN44016875,72,0,Hotels and Accommodation,Premier Inn
1/4/2016,DCC KING EDWARD VI COMMUNITY C,CARTRIDGE SAVE,135.09,0,"Office Stationery, Equipment and Supplies",Stationery & office supplies
12/4/2016,DCC KING EDWARD VI COMMUNITY C,Amazon UK Marketplace,19.58,0,General Retail and Wholesale,Miscellaneous retail
22/01/2016,DCC LEASE DAY CENTRE,MOLE AVON TRADING LTD,56.95,0,General Retail and Wholesale,Discount stores
27/01/2016,DCC LEASE DAY CENTRE,TP OKEHAMPTON,38.84,0,Building Materials,Timber & building supplies
27/01/2016,DCC LEASE DAY CENTRE,TP OKEHAMPTON,0,0,Building Materials,Timber & building supplies
25/02/2016,DCC LEASE DAY CENTRE,MAKRO SELF SERVICE EXETER,180.29,0,General Retail and Wholesale,Wholesale clubs
22/03/2016,DCC LEASE DAY CENTRE,Amazon UK Marketplace,5.5,0,General Retail and Wholesale,Miscellaneous retail
29/03/2016,DCC LEASE DAY CENTRE,Amazon UK Retail,39.92,0,Mail Order / Direct Selling,Direct sales companies
8/2/2016,DCC MOLLY OWEN COMTY RESOURCE,ARGOS RETAIL GROUP,128.93,0,General Retail and Wholesale,Discount stores
4/3/2016,DCC MOLLY OWEN COMTY RESOURCE,ARGOS RETAIL GROUP,14.99,0,General Retail and Wholesale,Discount stores
25/01/2016,DCC PARK SCHOOL-CP0629582GBP,Amazon UK Marketplace,10.24,0,Books and Periodicals,Book stores
6/2/2016,DCC PARK SCHOOL-CP0629582GBP,Amazon UK Retail,4.11,0,Mail Order / Direct Selling,Direct sales companies
8/2/2016,DCC PARK SCHOOL-CP0629582GBP,SAINSBURY'S S/MKT,30,0,General Retail and Wholesale,Grocery stores
9/2/2016,DCC PARK SCHOOL-CP0629582GBP,Amazon UK Marketplace,8.36,0,General Retail and Wholesale,Miscellaneous retail
9/2/2016,DCC PARK SCHOOL-CP0629582GBP,INTERPARCEL LIMITE,10.79,0,Mail and Courier Services,Courier services / freight forwarders
13/02/2016,DCC PARK SCHOOL-CP0629582GBP,Amazon UK Marketplace,10.93,0,Books and Periodicals,Book stores
19/02/2016,DCC PARK SCHOOL-CP0629582GBP,DRESSMAKERS,48.3,0,General Retail and Wholesale,Fabric and sewing shops
22/02/2016,DCC PARK SCHOOL-CP0629582GBP,Amazon UK Marketplace,45.98,0,General Retail and Wholesale,Miscellaneous retail
23/02/2016,DCC PARK SCHOOL-CP0629582GBP,CURRYS ONLINE,114,0,General Retail and Wholesale,Electronics shops
1/3/2016,DCC PARK SCHOOL-CP0629582GBP,STAGEDEPOT.CO.UK,23.96,0,General Retail and Wholesale,Hardware stores
2/3/2016,DCC PARK SCHOOL-CP0629582GBP,TVLICENSING.CO.UK,145.5,0,Professional Services,Consultants & public relation services
4/3/2016,DCC PARK SCHOOL-CP0629582GBP,Amazon UK Marketplace,60.36,0,General Retail and Wholesale,Miscellaneous retail
9/3/2016,DCC PARK SCHOOL-CP0629582GBP,Amazon UK Marketplace,5.65,0,General Retail and Wholesale,Miscellaneous retail
9/3/2016,DCC PARK SCHOOL-CP0629582GBP,Amazon UK Marketplace,35.69,0,General Retail and Wholesale,Miscellaneous retail
9/3/2016,DCC PARK SCHOOL-CP0629582GBP,ROYAL & FORTESCUE HOTEL,59,0,Hotels and Accommodation,"Hotels, motels & resorts"
10/3/2016,DCC PARK SCHOOL-CP0629582GBP,"Amazon Svcs Europe,SAR",160.13,0,Books and Periodicals,Book stores
10/3/2016,DCC PARK SCHOOL-CP0629582GBP,Amazon UK Marketplace,28.4,0,General Retail and Wholesale,Miscellaneous retail
14/03/2016,DCC PARK SCHOOL-CP0629582GBP,Amazon UK Marketplace,32.38,0,General Retail and Wholesale,Miscellaneous retail
18/03/2016,DCC PARK SCHOOL-CP0629582GBP,Amazon UK Retail,20,0,Mail Order / Direct Selling,Direct sales companies
13/04/2016,DCC PARK SCHOOL-CP0629582GBP,WWW.EDGEHILL.AC.UK,5,0,Training and Educational,Colleges & universities
18/04/2016,DCC PARK SCHOOL-CP0629582GBP,Amazon UK Marketplace,22.95,0,General Retail and Wholesale,Miscellaneous retail
22/01/2016,DCC SOUTH MOLTON COMMUNITY COL,WWW.CABLING4LESS.CO.UK,21.47,0,General Retail and Wholesale,Electronics shops
23/01/2016,DCC SOUTH MOLTON COMMUNITY COL,LAPTOPSCREEN.CO.UK,58.67,0,Computer Equipment & Services,Computer software stores
25/01/2016,DCC SOUTH MOLTON COMMUNITY COL,Amazon UK Marketplace,7.99,0,General Retail and Wholesale,Miscellaneous retail
25/01/2016,DCC SOUTH MOLTON COMMUNITY COL,PAYPAL TEN TORS,312,0,Training and Educational,Schools
30/01/2016,DCC SOUTH MOLTON COMMUNITY COL,Amazon UK Marketplace,29.72,0,Books and Periodicals,Book stores
1/2/2016,DCC SOUTH MOLTON COMMUNITY COL,WWW.GRAFIPRESS.EU,36.14,0,Computer Equipment & Services,"Computers, peripherals & software"
9/2/2016,DCC SOUTH MOLTON COMMUNITY COL,BOOKDEPOSITORY.COM,39.88,0,Books and Periodicals,Book stores
9/2/2016,DCC SOUTH MOLTON COMMUNITY COL,Amazon UK Marketplace,13.06,0,General Retail and Wholesale,Miscellaneous retail
9/2/2016,DCC SOUTH MOLTON COMMUNITY COL,Amazon UK Marketplace,82.28,0,General Retail and Wholesale,Miscellaneous retail
11/2/2016,DCC SOUTH MOLTON COMMUNITY COL,DROPBOX GT4H472N9D9B,70.87,0,Computer Equipment & Services,Computer network information services
11/2/2016,DCC SOUTH MOLTON COMMUNITY COL,PAYPAL LESSONBOX,239,0,Training and Educational,Colleges & universities
17/02/2016,DCC SOUTH MOLTON COMMUNITY COL,SURVEYMONKEY.COM,21.67,0,Computer Equipment & Services,Computer network information services
22/02/2016,DCC SOUTH MOLTON COMMUNITY COL,TICKETLINE,227.25,0,Leisure Activities,Theatres and ticket agencies
24/02/2016,DCC SOUTH MOLTON COMMUNITY COL,WWW.OFFICEFURNITUREONL,538.8,0,"Office Stationery, Equipment and Supplies",Stationery & office supplies stores
24/02/2016,DCC SOUTH MOLTON COMMUNITY COL,TRAINLINE,94.96,0,Travel - Air/Rail/Road,Passenger railways
25/02/2016,DCC SOUTH MOLTON COMMUNITY COL,ADOBE CREATIVE CLOUD,185.9,0,Computer Equipment & Services,Computer software stores
25/02/2016,DCC SOUTH MOLTON COMMUNITY COL,Amazon UK Marketplace,55,0,General Retail and Wholesale,Miscellaneous retail
25/02/2016,DCC SOUTH MOLTON COMMUNITY COL,PAYPAL ALLIEDMIDS,52.44,0,General Retail and Wholesale,Electronics shops
25/02/2016,DCC SOUTH MOLTON COMMUNITY COL,Amazon UK Retail,169.19,0,Mail Order / Direct Selling,Direct sales companies
26/02/2016,DCC SOUTH MOLTON COMMUNITY COL,Amazon UK Marketplace,16.41,0,General Retail and Wholesale,Miscellaneous retail
26/02/2016,DCC SOUTH MOLTON COMMUNITY COL,PAYPAL ECHALK LTD,46,0,Professional Services,Professional services
27/02/2016,DCC SOUTH MOLTON COMMUNITY COL,Amazon UK Retail,79,0,Mail Order / Direct Selling,Direct sales companies
3/3/2016,DCC SOUTH MOLTON COMMUNITY COL,HOTELS COM128107981358,188.09,0,Travel - Air/Rail/Road,Travel agencies
3/3/2016,DCC SOUTH MOLTON COMMUNITY COL,TRAINLINE,106.59,0,Travel - Air/Rail/Road,Passenger railways
4/3/2016,DCC SOUTH MOLTON COMMUNITY COL,ROLAND UK LTD,23.24,0,General Retail and Wholesale,Music stores & instruments
4/3/2016,DCC SOUTH MOLTON COMMUNITY COL,Amazon UK Retail,55.49,0,Mail Order / Direct Selling,Direct sales companies
4/3/2016,DCC SOUTH MOLTON COMMUNITY COL,TRAINLINE,257.04,0,Travel - Air/Rail/Road,Passenger railways
8/3/2016,DCC SOUTH MOLTON COMMUNITY COL,BOOKDEPOSITORY.COM,7.69,0,Books and Periodicals,Book stores
8/3/2016,DCC SOUTH MOLTON COMMUNITY COL,Amazon UK Marketplace,20.09,0,General Retail and Wholesale,Miscellaneous retail
8/3/2016,DCC SOUTH MOLTON COMMUNITY COL,WWW.LABELPLANET.CO.UK,22.2,0,"Office Stationery, Equipment and Supplies",Stationery & office supplies stores
10/3/2016,DCC SOUTH MOLTON COMMUNITY COL,SALES@AIRSQUIRRELS.COM,10.94,0,Computer Equipment & Services,Computer software stores
10/3/2016,DCC SOUTH MOLTON COMMUNITY COL,TVLICENSING.CO.UK,145.5,0,Professional Services,Consultants & public relation services
16/03/2016,DCC SOUTH MOLTON COMMUNITY COL,PAYPAL FOCUSRITEAU,27.29,0,Computer Equipment & Services,"Programming, data processing & system design"
16/03/2016,DCC SOUTH MOLTON COMMUNITY COL,ITUNES.COM/BILL,3.74,0,General Retail and Wholesale,Record shops
17/03/2016,DCC SOUTH MOLTON COMMUNITY COL,SURVEYMONKEY.COM,21.67,0,Computer Equipment & Services,Computer network information services
17/03/2016,DCC SOUTH MOLTON COMMUNITY COL,Amazon UK Retail,94.98,0,Mail Order / Direct Selling,Direct sales companies
6/4/2016,DCC SOUTH MOLTON COMMUNITY COL,ITUNES.COM/BILL,1.24,0,General Retail and Wholesale,Record shops
12/4/2016,DCC SOUTH MOLTON COMMUNITY COL,PAYPAL PERESOURCES,70,0,Professional Services,Professional services
14/04/2016,DCC SOUTH MOLTON COMMUNITY COL,TRAINLINE,49.47,0,Travel - Air/Rail/Road,Passenger railways
15/04/2016,DCC SOUTH MOLTON COMMUNITY COL,WWW.MUSICROOM.COM,79.85,0,General Retail and Wholesale,Music stores & instruments
15/04/2016,DCC SOUTH MOLTON COMMUNITY COL,HOTELS COM129043646274,228.66,0,Travel - Air/Rail/Road,Travel agencies
16/04/2016,DCC SOUTH MOLTON COMMUNITY COL,RYOS ONLINE LIMITED,106.06,0,General Retail and Wholesale,Sports & riding apparel shops
17/04/2016,DCC SOUTH MOLTON COMMUNITY COL,SURVEYMONKEY.COM,21.67,0,Computer Equipment & Services,Computer network information services
18/04/2016,DCC SOUTH MOLTON COMMUNITY COL,BOOKDEPOSITORY.COM,17.95,0,Books and Periodicals,Book stores
18/04/2016,DCC SOUTH MOLTON COMMUNITY COL,PAYPAL SOFTHANDSUK,33.2,0,Computer Equipment & Services,"Programming, data processing & system design"
18/04/2016,DCC SOUTH MOLTON COMMUNITY COL,WWW.LAPTOPSANDSPARES.C,45.19,0,General Retail and Wholesale,Electronics shops
19/04/2016,DCC SOUTH MOLTON COMMUNITY COL,Amazon UK Retail,34.98,0,Mail Order / Direct Selling,Direct sales companies
2/2/2016,DCC -SOUTH TAWTON PRIM SCHOOL,Amazon UK Marketplace,5.95,0,General Retail and Wholesale,Miscellaneous retail
10/2/2016,DCC -SOUTH TAWTON PRIM SCHOOL,Amazon UK Retail,69.99,0,Mail Order / Direct Selling,Direct sales companies
22/01/2016,DCC ST HORRABRIDGE-C 0514361,TESCO STORES 4429,21.53,0,General Retail and Wholesale,Grocery stores
30/01/2016,DCC ST HORRABRIDGE-C 0514361,TESCO STORE 3031,7.84,0,General Retail and Wholesale,Grocery stores
5/2/2016,DCC ST HORRABRIDGE-C 0514361,TESCO STORES 4429,11.74,0,General Retail and Wholesale,Grocery stores
12/2/2016,DCC ST HORRABRIDGE-C 0514361,ITUNES.COM/BILL,2.29,0,General Retail and Wholesale,Record shops
22/02/2016,DCC ST HORRABRIDGE-C 0514361,TESCO STORES 4429,13.89,0,General Retail and Wholesale,Grocery stores
26/02/2016,DCC ST HORRABRIDGE-C 0514361,TESCO STORES 4429,12.89,0,General Retail and Wholesale,Grocery stores
4/3/2016,DCC ST HORRABRIDGE-C 0514361,TESCO STORE 3031,17.07,0,General Retail and Wholesale,Grocery stores
11/3/2016,DCC ST HORRABRIDGE-C 0514361,TESCO STORES 4429,7.7,0,General Retail and Wholesale,Grocery stores
18/03/2016,DCC ST HORRABRIDGE-C 0514361,TESCO STORES 4429,10.67,0,General Retail and Wholesale,Grocery stores
8/4/2016,DCC ST HORRABRIDGE-C 0514361,SAINSBURY'S S/MKT,11.1,0,General Retail and Wholesale,Grocery stores
15/04/2016,DCC ST HORRABRIDGE-C 0514361,TESCO STORES 4429,22.08,0,General Retail and Wholesale,Grocery stores
29/01/2016,DCC STOKE CANON PRI 0478811,DISCLOSURE & BARRING,13,0,Statutory Bodies,Government services
24/01/2016,DCC SWIMBRIDGE PRMRY SCHOOL-NO,TESCO STORE 2083,14.3,0,General Retail and Wholesale,Grocery stores
28/01/2016,DCC SWIMBRIDGE PRMRY SCHOOL-NO,WWW.INFOKUBE.CO.UK,80,0,Computer Equipment & Services,"Programming, data processing & system design"
29/01/2016,DCC SWIMBRIDGE PRMRY SCHOOL-NO,SAINSBURY'S S/MKT,21,0,General Retail and Wholesale,Grocery stores
2/2/2016,DCC SWIMBRIDGE PRMRY SCHOOL-NO,Amazon UK Marketplace,4.03,0,General Retail and Wholesale,Miscellaneous retail
6/2/2016,DCC SWIMBRIDGE PRMRY SCHOOL-NO,SAINSBURY'S S/MKT,5.95,0,General Retail and Wholesale,Grocery stores
9/2/2016,DCC SWIMBRIDGE PRMRY SCHOOL-NO,LIDL UK,5.34,0,General Retail and Wholesale,Grocery stores
10/2/2016,DCC SWIMBRIDGE PRMRY SCHOOL-NO,Amazon UK Marketplace,17.49,0,General Retail and Wholesale,Miscellaneous retail
11/2/2016,DCC SWIMBRIDGE PRMRY SCHOOL-NO,"Amazon Svcs Europe,SAR",9.37,0,Books and Periodicals,Book stores
11/2/2016,DCC SWIMBRIDGE PRMRY SCHOOL-NO,WWW.FOUNDATION STAGE,72,0,General Retail and Wholesale,Miscellaneous retail
12/2/2016,DCC SWIMBRIDGE PRMRY SCHOOL-NO,GWR RAIL TICKETS AS,159.6,0,Travel - Air/Rail/Road,Passenger railways
17/02/2016,DCC SWIMBRIDGE PRMRY SCHOOL-NO,B & M RETAIL,3.99,0,General Retail and Wholesale,Discount stores
17/02/2016,DCC SWIMBRIDGE PRMRY SCHOOL-NO,LIDL UK,20.94,0,General Retail and Wholesale,Grocery stores
1/3/2016,DCC SWIMBRIDGE PRMRY SCHOOL-NO,WWW.PCWB.COM,58.96,0,Computer Equipment & Services,Computer software stores
6/3/2016,DCC SWIMBRIDGE PRMRY SCHOOL-NO,SAINSBURY'S S/MKT,10.05,0,General Retail and Wholesale,Grocery stores
15/03/2016,DCC SWIMBRIDGE PRMRY SCHOOL-NO,TESCO STORES-2083,16,0,General Retail and Wholesale,Grocery stores
22/03/2016,DCC SWIMBRIDGE PRMRY SCHOOL-NO,TESCO STORES 6269,13.59,0,General Retail and Wholesale,Grocery stores
4/4/2016,DCC SWIMBRIDGE PRMRY SCHOOL-NO,B & M RETAIL,12.47,0,General Retail and Wholesale,Discount stores
4/4/2016,DCC SWIMBRIDGE PRMRY SCHOOL-NO,LIDL UK,21.33,0,General Retail and Wholesale,Grocery stores
20/04/2016,DCC SWIMBRIDGE PRMRY SCHOOL-NO,SAINSBURYS S/MKTS,9,0,General Retail and Wholesale,Grocery stores
22/01/2016,DCC WEST HILL PRIMARY SCHOOL,SELFSERVE TICKET,75,0,Travel - Air/Rail/Road,Passenger railways
25/01/2016,DCC WEST HILL PRIMARY SCHOOL,ITUNES.COM/BILL,19,0,General Retail and Wholesale,Record shops
9/2/2016,DCC WEST HILL PRIMARY SCHOOL,Amazon UK Marketplace,20.71,0,Books and Periodicals,Book stores
24/02/2016,DCC WEST HILL PRIMARY SCHOOL,TWINKL LTD,69.99,0,Clubs/Associations/Organisations,Membership organisations
1/3/2016,DCC WEST HILL PRIMARY SCHOOL,Amazon UK Marketplace,16.99,0,General Retail and Wholesale,Miscellaneous retail
2/3/2016,DCC WEST HILL PRIMARY SCHOOL,Amazon UK Retail,12.45,0,Mail Order / Direct Selling,Direct sales companies
3/3/2016,DCC WEST HILL PRIMARY SCHOOL,SAINSBURYS S/MKTS,39.5,0,General Retail and Wholesale,Grocery stores
6/3/2016,DCC WEST HILL PRIMARY SCHOOL,Amazon UK Retail,29.69,0,Mail Order / Direct Selling,Direct sales companies
18/04/2016,DCC WEST HILL PRIMARY SCHOOL,WAITROSE 657,61.13,0,General Retail and Wholesale,Grocery stores
27/01/2016,DCC WHITCHURCH - C 0559309,WM MORRISONS,38.3,0,General Retail and Wholesale,Grocery stores
27/01/2016,DCC WHITCHURCH - C 0559309,WM MORRISONS,22.96,0,General Retail and Wholesale,Grocery stores
28/01/2016,DCC WHITCHURCH - C 0559309,WM MORRISONS,7.66,0,General Retail and Wholesale,Grocery stores
2/2/2016,DCC WHITCHURCH - C 0559309,WM MORRISONS,26.1,0,General Retail and Wholesale,Grocery stores
8/2/2016,DCC WHITCHURCH - C 0559309,TESCO STORES 4429,15.22,0,General Retail and Wholesale,Grocery stores
11/2/2016,DCC WHITCHURCH - C 0559309,WM MORRISONS,12.3,0,General Retail and Wholesale,Grocery stores
23/02/2016,DCC WHITCHURCH - C 0559309,WM MORRISONS,115.73,0,General Retail and Wholesale,Grocery stores
2/3/2016,DCC WHITCHURCH - C 0559309,WM MORRISONS,3.74,0,General Retail and Wholesale,Grocery stores
7/3/2016,DCC WHITCHURCH - C 0559309,POST OFFICE COUNTER,117,0,Mail and Courier Services,Postal services
8/3/2016,DCC WHITCHURCH - C 0559309,WM MORRISONS,5.74,0,General Retail and Wholesale,Grocery stores
20/03/2016,DCC WHITCHURCH - C 0559309,LIDL UK,10,0,General Retail and Wholesale,Grocery stores
21/03/2016,DCC WHITCHURCH - C 0559309,WM MORRISONS,15.3,0,General Retail and Wholesale,Grocery stores
24/03/2016,DCC WHITCHURCH - C 0559309,WM MORRISONS,10.84,0,General Retail and Wholesale,Grocery stores
24/03/2016,DCC WHITCHURCH - C 0559309,WM MORRISONS,80,0,General Retail and Wholesale,Grocery stores
8/4/2016,DCC WHITCHURCH - C 0559309,WM MORRISONS,145.23,0,General Retail and Wholesale,Grocery stores
18/04/2016,DCC WHITCHURCH - C 0559309,Amazon UK Marketplace,5,0,Books and Periodicals,Book stores
18/04/2016,DCC WHITCHURCH - C 0559309,Amazon UK Marketplace,4.42,0,General Retail and Wholesale,Miscellaneous retail
18/04/2016,DCC WHITCHURCH - C 0559309,Amazon UK Marketplace,5.87,0,General Retail and Wholesale,Miscellaneous retail
18/04/2016,DCC WHITCHURCH - C 0559309,POST OFFICE COUNTER,33.02,0,Mail and Courier Services,Postal services
19/04/2016,DCC WHITCHURCH - C 0559309,Amazon UK Retail,14,0,Mail Order / Direct Selling,Direct sales companies
20/04/2016,DCC WHITCHURCH - C 0559309,Amazon UK Retail,9.92,0,Mail Order / Direct Selling,Direct sales companies
21/04/2016,DCC WHITCHURCH - C 0559309,WM MORRISONS,5.36,0,General Retail and Wholesale,Grocery stores
22/01/2016,DCC WILLAND SCH-C 0509473,Amazon UK Retail,79.99,0,Mail Order / Direct Selling,Direct sales companies
22/01/2016,DCC WILLAND SCH-C 0509473,Amazon UK Retail,79.99,0,Mail Order / Direct Selling,Direct sales companies
26/01/2016,DCC WILLAND SCH-C 0509473,TESCO STORES 5138,48.77,0,General Retail and Wholesale,Grocery stores
26/01/2016,DCC WILLAND SCH-C 0509473,TESCO STORES 5663,5,0,General Retail and Wholesale,Grocery stores
28/01/2016,DCC WILLAND SCH-C 0509473,Amazon UK Marketplace,29.98,0,General Retail and Wholesale,Miscellaneous retail
28/01/2016,DCC WILLAND SCH-C 0509473,Amazon UK Retail,29.91,0,Mail Order / Direct Selling,Direct sales companies
29/01/2016,DCC WILLAND SCH-C 0509473,Amazon UK Retail,20.09,0,Mail Order / Direct Selling,Direct sales companies
29/01/2016,DCC WILLAND SCH-C 0509473,WWW.EXETER.AC.UK,60,0,Training and Educational,Colleges & universities
2/2/2016,DCC WILLAND SCH-C 0509473,TESCO STORES 5138,67.52,0,General Retail and Wholesale,Grocery stores
4/2/2016,DCC WILLAND SCH-C 0509473,TESCO STORES 5138,54,0,General Retail and Wholesale,Grocery stores
9/2/2016,DCC WILLAND SCH-C 0509473,TESCO STORES 5138,41,0,General Retail and Wholesale,Grocery stores
10/2/2016,DCC WILLAND SCH-C 0509473,CIEH,264,0,Clubs/Associations/Organisations,Membership organisations
15/02/2016,DCC WILLAND SCH-C 0509473,Amazon UK Marketplace,53.94,0,General Retail and Wholesale,Miscellaneous retail
20/02/2016,DCC WILLAND SCH-C 0509473,TESCO STORES 5663,6,0,General Retail and Wholesale,Grocery stores
23/02/2016,DCC WILLAND SCH-C 0509473,TESCO STORES 5138,71.27,0,General Retail and Wholesale,Grocery stores
29/02/2016,DCC WILLAND SCH-C 0509473,TESCO STORES 5663,5,0,General Retail and Wholesale,Grocery stores
1/3/2016,DCC WILLAND SCH-C 0509473,TESCO STORES 5138,62.41,0,General Retail and Wholesale,Grocery stores
2/3/2016,DCC WILLAND SCH-C 0509473,WP-STORMFLAME LTD,43.07,0,General Retail and Wholesale,Miscellaneous retail
3/3/2016,DCC WILLAND SCH-C 0509473,TESCO STORES 5138,-0.7,0,General Retail and Wholesale,Grocery stores
3/3/2016,DCC WILLAND SCH-C 0509473,TESCO STORES 5138,40.5,0,General Retail and Wholesale,Grocery stores
3/3/2016,DCC WILLAND SCH-C 0509473,Amazon UK Retail,17.99,0,Mail Order / Direct Selling,Direct sales companies
8/3/2016,DCC WILLAND SCH-C 0509473,TESCO STORES 5138,69.1,0,General Retail and Wholesale,Grocery stores
15/03/2016,DCC WILLAND SCH-C 0509473,Amazon UK Marketplace,32.99,0,Books and Periodicals,Book stores
15/03/2016,DCC WILLAND SCH-C 0509473,TESCO STORES 5138,50,0,General Retail and Wholesale,Grocery stores
16/03/2016,DCC WILLAND SCH-C 0509473,Amazon UK Marketplace,11.1,0,General Retail and Wholesale,Miscellaneous retail
18/03/2016,DCC WILLAND SCH-C 0509473,WWW.CAMLAB.NET,107.79,0,Print and Advertising,Publishing & printing services
21/03/2016,DCC WILLAND SCH-C 0509473,WWW.STAPLES.CO.UK,10.97,0,"Office Stationery, Equipment and Supplies",Stationery & office supplies stores
22/03/2016,DCC WILLAND SCH-C 0509473,TESCO STORES 5138,43.31,0,General Retail and Wholesale,Grocery stores
22/03/2016,DCC WILLAND SCH-C 0509473,Amazon UK Retail,30.85,0,Mail Order / Direct Selling,Direct sales companies
24/03/2016,DCC WILLAND SCH-C 0509473,WWW.AWARDSCENTRE.ORG,209.16,0,General Retail and Wholesale,Miscellaneous retail
24/03/2016,DCC WILLAND SCH-C 0509473,SWIMMING TEACHERS ASSO,71.5,0,Leisure Activities,Misc. recreational services
28/03/2016,DCC WILLAND SCH-C 0509473,Amazon UK Retail,11.78,0,Mail Order / Direct Selling,Direct sales companies
29/03/2016,DCC WILLAND SCH-C 0509473,OLD WELL GARDEN CT,7.98,0,Estate and Garden Services,Lawn & garden supply/nursery
30/03/2016,DCC WILLAND SCH-C 0509473,Amazon UK Marketplace,4.95,0,Books and Periodicals,Book stores
30/03/2016,DCC WILLAND SCH-C 0509473,Amazon UK Marketplace,18.4,0,General Retail and Wholesale,Miscellaneous retail
31/03/2016,DCC WILLAND SCH-C 0509473,Amazon UK Marketplace,9.98,0,General Retail and Wholesale,Miscellaneous retail
8/4/2016,DCC WILLAND SCH-C 0509473,POST OFFICE COUNTER,11,0,Mail and Courier Services,Postal services
12/4/2016,DCC WILLAND SCH-C 0509473,TESCO STORES 5138,57.75,0,General Retail and Wholesale,Grocery stores
18/04/2016,DCC WILLAND SCH-C 0509473,TESCO STORES 5663,36.47,0,General Retail and Wholesale,Grocery stores
19/04/2016,DCC WILLAND SCH-C 0509473,TESCO STORES 5138,67.54,0,General Retail and Wholesale,Grocery stores
19/04/2016,DCC WILLAND SCH-C 0509473,TESCO STORES 5663,3.2,0,General Retail and Wholesale,Grocery stores
20/04/2016,DCC WILLAND SCH-C 0509473,TESCO STORES 5138,-2,0,General Retail and Wholesale,Grocery stores
8/3/2016,DCC-ATKINSON UNIT-CP0630370GBP,Amazon UK Retail,47.15,0,Mail Order / Direct Selling,Direct sales companies
9/3/2016,DCC-ATKINSON UNIT-CP0630370GBP,"Amazon Svcs Europe,SAR",49.98,0,Books and Periodicals,Book stores
9/3/2016,DCC-ATKINSON UNIT-CP0630370GBP,Amazon UK Marketplace,25.01,0,Books and Periodicals,Book stores
11/3/2016,DCC-ATKINSON UNIT-CP0630370GBP,Amazon UK Marketplace,13.85,0,Books and Periodicals,Book stores
11/3/2016,DCC-ATKINSON UNIT-CP0630370GBP,Amazon UK Marketplace,35.97,0,General Retail and Wholesale,Miscellaneous retail
4/4/2016,DCC-ATKINSON UNIT-CP0630370GBP,WHSMITH.CO.UK,14.97,0,General Retail and Wholesale,Catalogue & retail shops
14/04/2016,DCC-ATKINSON UNIT-CP0630370GBP,Amazon UK Marketplace,5.5,0,General Retail and Wholesale,Miscellaneous retail
15/04/2016,DCC-ATKINSON UNIT-CP0630370GBP,"Amazon Svcs Europe,SAR",5.5,0,Books and Periodicals,Book stores
15/04/2016,DCC-ATKINSON UNIT-CP0630370GBP,"Amazon Svcs Europe,SAR",5.5,0,Books and Periodicals,Book stores
15/04/2016,DCC-ATKINSON UNIT-CP0630370GBP,Amazon UK Marketplace,1.5,0,Books and Periodicals,Book stores
15/04/2016,DCC-ATKINSON UNIT-CP0630370GBP,Amazon UK Marketplace,4.48,0,Books and Periodicals,Book stores
15/04/2016,DCC-ATKINSON UNIT-CP0630370GBP,Amazon UK Marketplace,35.87,0,General Retail and Wholesale,Miscellaneous retail
15/04/2016,DCC-ATKINSON UNIT-CP0630370GBP,Amazon UK Marketplace,6.99,0,General Retail and Wholesale,Miscellaneous retail
15/04/2016,DCC-ATKINSON UNIT-CP0630370GBP,Amazon UK Marketplace,2.72,0,General Retail and Wholesale,Miscellaneous retail
22/01/2016,DCC-BARLEY LANE SCH-C0611313,Amazon UK Marketplace,9.52,0,Books and Periodicals,Book stores
23/01/2016,DCC-BARLEY LANE SCH-C0611313,Amazon UK Marketplace,27.78,0,Books and Periodicals,Book stores
23/01/2016,DCC-BARLEY LANE SCH-C0611313,Amazon UK Marketplace,22.5,0,Books and Periodicals,Book stores
23/01/2016,DCC-BARLEY LANE SCH-C0611313,Amazon UK Retail,21.76,0,Mail Order / Direct Selling,Direct sales companies
23/01/2016,DCC-BARLEY LANE SCH-C0611313,Amazon UK Retail,78.45,0,Mail Order / Direct Selling,Direct sales companies
24/01/2016,DCC-BARLEY LANE SCH-C0611313,Amazon UK Marketplace,28,0,General Retail and Wholesale,Miscellaneous retail
25/01/2016,DCC-BARLEY LANE SCH-C0611313,"Amazon Svcs Europe,SAR",11.38,0,Books and Periodicals,Book stores
25/01/2016,DCC-BARLEY LANE SCH-C0611313,"Amazon Svcs Europe,SAR",91.14,0,Books and Periodicals,Book stores
25/01/2016,DCC-BARLEY LANE SCH-C0611313,"Amazon Svcs Europe,SAR",93.59,0,Books and Periodicals,Book stores
25/01/2016,DCC-BARLEY LANE SCH-C0611313,"Amazon Svcs Europe,SAR",102.4,0,Books and Periodicals,Book stores
25/01/2016,DCC-BARLEY LANE SCH-C0611313,Amazon UK Marketplace,3.4,0,Books and Periodicals,Book stores
25/01/2016,DCC-BARLEY LANE SCH-C0611313,Amazon UK Marketplace,42.35,0,Books and Periodicals,Book stores
25/01/2016,DCC-BARLEY LANE SCH-C0611313,Amazon UK Marketplace,29.54,0,Books and Periodicals,Book stores
25/01/2016,DCC-BARLEY LANE SCH-C0611313,Amazon UK Marketplace,29.54,0,Books and Periodicals,Book stores
25/01/2016,DCC-BARLEY LANE SCH-C0611313,Amazon UK Marketplace,26.18,0,General Retail and Wholesale,Miscellaneous retail
25/01/2016,DCC-BARLEY LANE SCH-C0611313,Amazon UK Marketplace,27.3,0,General Retail and Wholesale,Miscellaneous retail
25/01/2016,DCC-BARLEY LANE SCH-C0611313,Amazon UK Marketplace,26.95,0,General Retail and Wholesale,Miscellaneous retail
25/01/2016,DCC-BARLEY LANE SCH-C0611313,Amazon UK Marketplace,3.95,0,General Retail and Wholesale,Miscellaneous retail
25/01/2016,DCC-BARLEY LANE SCH-C0611313,Amazon UK Marketplace,11.26,0,General Retail and Wholesale,Miscellaneous retail
25/01/2016,DCC-BARLEY LANE SCH-C0611313,Amazon UK Marketplace,14.38,0,General Retail and Wholesale,Miscellaneous retail
26/01/2016,DCC-BARLEY LANE SCH-C0611313,"Amazon Svcs Europe,SAR",57.26,0,Books and Periodicals,Book stores
26/01/2016,DCC-BARLEY LANE SCH-C0611313,"Amazon Svcs Europe,SAR",72.83,0,Books and Periodicals,Book stores
26/01/2016,DCC-BARLEY LANE SCH-C0611313,Amazon UK Marketplace,12.81,0,Books and Periodicals,Book stores
26/01/2016,DCC-BARLEY LANE SCH-C0611313,Amazon UK Marketplace,3.28,0,Books and Periodicals,Book stores
26/01/2016,DCC-BARLEY LANE SCH-C0611313,Amazon UK Marketplace,7.1,0,Books and Periodicals,Book stores
26/01/2016,DCC-BARLEY LANE SCH-C0611313,Amazon UK Marketplace,64.19,0,General Retail and Wholesale,Miscellaneous retail
26/01/2016,DCC-BARLEY LANE SCH-C0611313,Amazon UK Marketplace,42.97,0,General Retail and Wholesale,Miscellaneous retail
26/01/2016,DCC-BARLEY LANE SCH-C0611313,Amazon UK Marketplace,3.65,0,General Retail and Wholesale,Miscellaneous retail
26/01/2016,DCC-BARLEY LANE SCH-C0611313,Amazon UK Marketplace,3.82,0,General Retail and Wholesale,Miscellaneous retail
26/01/2016,DCC-BARLEY LANE SCH-C0611313,Amazon UK Marketplace,29.34,0,General Retail and Wholesale,Miscellaneous retail
26/01/2016,DCC-BARLEY LANE SCH-C0611313,Amazon UK Marketplace,2.81,0,General Retail and Wholesale,Miscellaneous retail
26/01/2016,DCC-BARLEY LANE SCH-C0611313,Amazon UK Marketplace,20.95,0,General Retail and Wholesale,Miscellaneous retail
26/01/2016,DCC-BARLEY LANE SCH-C0611313,Amazon UK Marketplace,19.38,0,General Retail and Wholesale,Miscellaneous retail
26/01/2016,DCC-BARLEY LANE SCH-C0611313,Amazon UK Marketplace,31.15,0,General Retail and Wholesale,Miscellaneous retail
27/01/2016,DCC-BARLEY LANE SCH-C0611313,Amazon UK Marketplace,7.64,0,Books and Periodicals,Book stores
27/01/2016,DCC-BARLEY LANE SCH-C0611313,Amazon UK Marketplace,37.45,0,Books and Periodicals,Book stores
27/01/2016,DCC-BARLEY LANE SCH-C0611313,B&Q DIRECT,239.98,0,Building Materials,Timber & building supplies
28/01/2016,DCC-BARLEY LANE SCH-C0611313,"Amazon Svcs Europe,SAR",23.46,0,Books and Periodicals,Book stores
28/01/2016,DCC-BARLEY LANE SCH-C0611313,Amazon UK Marketplace,59.64,0,Books and Periodicals,Book stores
28/01/2016,DCC-BARLEY LANE SCH-C0611313,Amazon UK Marketplace,29.82,0,General Retail and Wholesale,Miscellaneous retail
29/01/2016,DCC-BARLEY LANE SCH-C0611313,Amazon UK Marketplace,18.88,0,General Retail and Wholesale,Miscellaneous retail
2/2/2016,DCC-BARLEY LANE SCH-C0611313,Amazon UK Marketplace,13.03,0,General Retail and Wholesale,Miscellaneous retail
4/2/2016,DCC-BARLEY LANE SCH-C0611313,SMART HORIZONS LTD,25.08,0,Training and Educational,Schools
8/2/2016,DCC-BARLEY LANE SCH-C0611313,EXETER CITY COUNCI,47.5,0,Statutory Bodies,Government services
10/2/2016,DCC-BARLEY LANE SCH-C0611313,VUE BSL LTD,46.9,0,Leisure Activities,Cinemas
11/2/2016,DCC-BARLEY LANE SCH-C0611313,CREALY GREAT ADVEN,47.6,0,Leisure Activities,Amusement parks & circuses
11/2/2016,DCC-BARLEY LANE SCH-C0611313,VUE BSL LTD,33.2,0,Leisure Activities,Cinemas
12/2/2016,DCC-BARLEY LANE SCH-C0611313,PEAR TREE INN,357.7,0,Hotels and Accommodation,"Hotels, motels & resorts"
12/2/2016,DCC-BARLEY LANE SCH-C0611313,CREALY GREAT ADVEN,36.55,0,Leisure Activities,Amusement parks & circuses
29/02/2016,DCC-BARLEY LANE SCH-C0611313,TOYS R US,19.97,0,General Retail and Wholesale,Misc. general merchandise
21/04/2016,DCC-BARLEY LANE SCH-C0611313,FORREST CYCLE HIRE LTD,60,0,General Retail and Wholesale,"Bicycle shops, sales & service"
29/01/2016,DCC-BASSETTS FARM PR 0487469,Amazon UK Marketplace,42.47,0,General Retail and Wholesale,Miscellaneous retail
9/2/2016,DCC-BASSETTS FARM PR 0487469,ASDA HOME SHOPPING,88.86,0,General Retail and Wholesale,Grocery stores
15/02/2016,DCC-BASSETTS FARM PR 0487469,Amazon UK Marketplace,7.81,0,Books and Periodicals,Book stores
15/02/2016,DCC-BASSETTS FARM PR 0487469,Amazon UK Retail,9.98,0,Mail Order / Direct Selling,Direct sales companies
19/02/2016,DCC-BASSETTS FARM PR 0487469,ITUNES.COM/BILL,4.99,0,General Retail and Wholesale,Record shops
22/02/2016,DCC-BASSETTS FARM PR 0487469,ASDA HOME SHOPPING,-3.92,0,General Retail and Wholesale,Grocery stores
22/02/2016,DCC-BASSETTS FARM PR 0487469,ASDA HOME SHOPPING,146.76,0,General Retail and Wholesale,Grocery stores
29/02/2016,DCC-BASSETTS FARM PR 0487469,Amazon UK Marketplace,9.99,0,Books and Periodicals,Book stores
1/3/2016,DCC-BASSETTS FARM PR 0487469,ASDA HOME SHOPPING,106.84,0,General Retail and Wholesale,Grocery stores
7/3/2016,DCC-BASSETTS FARM PR 0487469,ASDA HOME SHOPPING,107.88,0,General Retail and Wholesale,Grocery stores
14/03/2016,DCC-BASSETTS FARM PR 0487469,ASDA HOME SHOPPING,101.14,0,General Retail and Wholesale,Grocery stores
17/03/2016,DCC-BASSETTS FARM PR 0487469,Amazon UK Marketplace,26.73,0,General Retail and Wholesale,Miscellaneous retail
21/03/2016,DCC-BASSETTS FARM PR 0487469,ASDA HOME SHOPPING,94.48,0,General Retail and Wholesale,Grocery stores
11/4/2016,DCC-BASSETTS FARM PR 0487469,ASDA HOME SHOPPING,156.53,0,General Retail and Wholesale,Grocery stores
13/04/2016,DCC-BASSETTS FARM PR 0487469,Amazon UK Marketplace,38.2,0,Books and Periodicals,Book stores
13/04/2016,DCC-BASSETTS FARM PR 0487469,Amazon UK Marketplace,29.29,0,General Retail and Wholesale,Miscellaneous retail
13/04/2016,DCC-BASSETTS FARM PR 0487469,Amazon UK Marketplace,4.99,0,General Retail and Wholesale,Miscellaneous retail
13/04/2016,DCC-BASSETTS FARM PR 0487469,Amazon UK Retail,94.36,0,Mail Order / Direct Selling,Direct sales companies
14/04/2016,DCC-BASSETTS FARM PR 0487469,Amazon UK Marketplace,14,0,General Retail and Wholesale,Miscellaneous retail
14/04/2016,DCC-BASSETTS FARM PR 0487469,WWW.PLASTICSHEETS.COM,36.35,0,Miscellaneous Industrial/Commercial Supplies,Misc Industrial supplies
18/04/2016,DCC-BASSETTS FARM PR 0487469,ASDA HOME SHOPPING,250.35,0,General Retail and Wholesale,Grocery stores
18/04/2016,DCC-BASSETTS FARM PR 0487469,ASDA HOME SHOPPING,-1.49,0,General Retail and Wholesale,Grocery stores
22/01/2016,DCC-RATCLIFFE SCH-C- 0503860,Amazon UK Marketplace,81.97,0,Books and Periodicals,Book stores
22/01/2016,DCC-RATCLIFFE SCH-C- 0503860,Amazon UK Marketplace,47.76,0,General Retail and Wholesale,Miscellaneous retail
22/01/2016,DCC-RATCLIFFE SCH-C- 0503860,Amazon UK Retail,118.88,0,Mail Order / Direct Selling,Direct sales companies
26/01/2016,DCC-RATCLIFFE SCH-C- 0503860,Amazon UK Marketplace,3.19,0,Books and Periodicals,Book stores
26/01/2016,DCC-RATCLIFFE SCH-C- 0503860,PAYPAL BOVEYTRACEY,19.41,0,Clubs/Associations/Organisations,Membership organisations
26/01/2016,DCC-RATCLIFFE SCH-C- 0503860,Amazon UK Marketplace,3.29,0,General Retail and Wholesale,Miscellaneous retail
26/01/2016,DCC-RATCLIFFE SCH-C- 0503860,FUNKY CHALK CO,179.88,0,General Retail and Wholesale,Catalogue & retail shops
26/01/2016,DCC-RATCLIFFE SCH-C- 0503860,Amazon UK Retail,9.98,0,Mail Order / Direct Selling,Direct sales companies
27/01/2016,DCC-RATCLIFFE SCH-C- 0503860,Amazon UK Marketplace,3.73,0,General Retail and Wholesale,Miscellaneous retail
28/01/2016,DCC-RATCLIFFE SCH-C- 0503860,Amazon UK Marketplace,6.4,0,General Retail and Wholesale,Miscellaneous retail
28/01/2016,DCC-RATCLIFFE SCH-C- 0503860,Amazon UK Marketplace,35.88,0,General Retail and Wholesale,Miscellaneous retail
1/2/2016,DCC-RATCLIFFE SCH-C- 0503860,Amazon UK Marketplace,102.34,0,General Retail and Wholesale,Miscellaneous retail
1/2/2016,DCC-RATCLIFFE SCH-C- 0503860,Amazon UK Retail,5.81,0,Mail Order / Direct Selling,Direct sales companies
4/2/2016,DCC-RATCLIFFE SCH-C- 0503860,Amazon UK Marketplace,19.95,0,General Retail and Wholesale,Miscellaneous retail
4/2/2016,DCC-RATCLIFFE SCH-C- 0503860,Amazon UK Retail,19.09,0,Mail Order / Direct Selling,Direct sales companies
5/2/2016,DCC-RATCLIFFE SCH-C- 0503860,"Amazon Svcs Europe,SAR",10.49,0,Books and Periodicals,Book stores
5/2/2016,DCC-RATCLIFFE SCH-C- 0503860,Amazon UK Marketplace,21.3,0,Books and Periodicals,Book stores
5/2/2016,DCC-RATCLIFFE SCH-C- 0503860,Amazon UK Marketplace,31.09,0,General Retail and Wholesale,Miscellaneous retail
5/2/2016,DCC-RATCLIFFE SCH-C- 0503860,Amazon UK Marketplace,8.92,0,General Retail and Wholesale,Miscellaneous retail
5/2/2016,DCC-RATCLIFFE SCH-C- 0503860,Amazon UK Marketplace,11.79,0,General Retail and Wholesale,Miscellaneous retail
5/2/2016,DCC-RATCLIFFE SCH-C- 0503860,Amazon UK Marketplace,19.95,0,General Retail and Wholesale,Miscellaneous retail
6/2/2016,DCC-RATCLIFFE SCH-C- 0503860,Amazon UK Marketplace,10.98,0,General Retail and Wholesale,Miscellaneous retail
6/2/2016,DCC-RATCLIFFE SCH-C- 0503860,Amazon UK Retail,77.24,0,Mail Order / Direct Selling,Direct sales companies
7/2/2016,DCC-RATCLIFFE SCH-C- 0503860,Amazon UK Marketplace,119.65,0,General Retail and Wholesale,Miscellaneous retail
7/2/2016,DCC-RATCLIFFE SCH-C- 0503860,Amazon UK Marketplace,18.15,0,General Retail and Wholesale,Miscellaneous retail
7/2/2016,DCC-RATCLIFFE SCH-C- 0503860,Amazon UK Retail,32.59,0,Mail Order / Direct Selling,Direct sales companies
8/2/2016,DCC-RATCLIFFE SCH-C- 0503860,Amazon UK Marketplace,16.89,0,Books and Periodicals,Book stores
8/2/2016,DCC-RATCLIFFE SCH-C- 0503860,Amazon UK Marketplace,5.99,0,Books and Periodicals,Book stores
8/2/2016,DCC-RATCLIFFE SCH-C- 0503860,Amazon UK Marketplace,4.05,0,General Retail and Wholesale,Miscellaneous retail
9/2/2016,DCC-RATCLIFFE SCH-C- 0503860,"Amazon Svcs Europe,SAR",11.54,0,Books and Periodicals,Book stores
9/2/2016,DCC-RATCLIFFE SCH-C- 0503860,Amazon UK Marketplace,14.98,0,Books and Periodicals,Book stores
9/2/2016,DCC-RATCLIFFE SCH-C- 0503860,Amazon UK Marketplace,50.29,0,Books and Periodicals,Book stores
9/2/2016,DCC-RATCLIFFE SCH-C- 0503860,Amazon UK Marketplace,47.04,0,General Retail and Wholesale,Miscellaneous retail
9/2/2016,DCC-RATCLIFFE SCH-C- 0503860,Amazon UK Marketplace,9.29,0,General Retail and Wholesale,Miscellaneous retail
10/2/2016,DCC-RATCLIFFE SCH-C- 0503860,"Amazon Svcs Europe,SAR",8.96,0,Books and Periodicals,Book stores
10/2/2016,DCC-RATCLIFFE SCH-C- 0503860,Amazon UK Marketplace,94.99,0,General Retail and Wholesale,Miscellaneous retail
10/2/2016,DCC-RATCLIFFE SCH-C- 0503860,Amazon UK Marketplace,84.95,0,General Retail and Wholesale,Miscellaneous retail
10/2/2016,DCC-RATCLIFFE SCH-C- 0503860,Amazon UK Marketplace,85.12,0,General Retail and Wholesale,Miscellaneous retail
10/2/2016,DCC-RATCLIFFE SCH-C- 0503860,Amazon UK Retail,14.02,0,Mail Order / Direct Selling,Direct sales companies
12/2/2016,DCC-RATCLIFFE SCH-C- 0503860,Amazon UK Marketplace,8.89,0,Books and Periodicals,Book stores
15/02/2016,DCC-RATCLIFFE SCH-C- 0503860,Amazon UK Marketplace,7.87,0,Books and Periodicals,Book stores
26/02/2016,DCC-RATCLIFFE SCH-C- 0503860,Amazon UK Marketplace,8.88,0,General Retail and Wholesale,Miscellaneous retail
26/02/2016,DCC-RATCLIFFE SCH-C- 0503860,Amazon UK Retail,52.07,0,Mail Order / Direct Selling,Direct sales companies
27/02/2016,DCC-RATCLIFFE SCH-C- 0503860,Amazon UK Marketplace,36.95,0,General Retail and Wholesale,Miscellaneous retail
3/3/2016,DCC-RATCLIFFE SCH-C- 0503860,Amazon UK Marketplace,30.2,0,General Retail and Wholesale,Miscellaneous retail
4/3/2016,DCC-RATCLIFFE SCH-C- 0503860,"Amazon Svcs Europe,SAR",5.69,0,Books and Periodicals,Book stores
4/3/2016,DCC-RATCLIFFE SCH-C- 0503860,Amazon UK Retail,16.55,0,Mail Order / Direct Selling,Direct sales companies
10/3/2016,DCC-RATCLIFFE SCH-C- 0503860,Amazon UK Retail,14.86,0,Mail Order / Direct Selling,Direct sales companies
11/3/2016,DCC-RATCLIFFE SCH-C- 0503860,BRITTANY FERRIES,35,0,Travel - Air/Rail/Road,Local commuter transport
11/3/2016,DCC-RATCLIFFE SCH-C- 0503860,BRITTANY FERRIES,35,0,Travel - Air/Rail/Road,Local commuter transport
29/02/2016,DCC-ROSEBANK DAY-C 0531221,WICKES 256,143.97,0,General Retail and Wholesale,Home supply warehouse stores
27/01/2016,DCC-SOUTH MOLTON INF-C0595442,Amazon UK Marketplace,21.02,0,Books and Periodicals,Book stores
29/01/2016,DCC-SOUTH MOLTON INF-C0595442,Amazon UK Retail,6.59,0,Mail Order / Direct Selling,Direct sales companies
8/2/2016,DCC-SOUTH MOLTON INF-C0595442,WWW.MUSICROOM.COM,21.95,0,General Retail and Wholesale,Music stores & instruments
11/2/2016,DCC-SOUTH MOLTON INF-C0595442,Amazon UK Marketplace,81.05,0,General Retail and Wholesale,Miscellaneous retail
1/3/2016,DCC-SOUTH MOLTON INF-C0595442,THE BOOK PEOPLE,7.94,0,Books and Periodicals,Book stores
1/3/2016,DCC-SOUTH MOLTON INF-C0595442,THE BOOK PEOPLE,5.98,0,Books and Periodicals,Book stores
16/03/2016,DCC-SOUTH MOLTON INF-C0595442,WWW.SHOP.BABCOCK-E,30,0,Training and Educational,Colleges & universities
12/4/2016,DCC-SOUTH MOLTON INF-C0595442,Amazon UK Marketplace,17.49,0,Books and Periodicals,Book stores
25/01/2016,DECOY PRIMARY-CP0636389GBP,BOOKER LIMITED NEWTON ABB,56.98,0,Catering and Catering Supplies,Caterers
25/01/2016,DECOY PRIMARY-CP0636389GBP,TESCO STORE 2920,26.07,0,General Retail and Wholesale,Grocery stores
1/2/2016,DECOY PRIMARY-CP0636389GBP,BOOKER LIMITED NEWTON ABB,61.65,0,Catering and Catering Supplies,Caterers
1/2/2016,DECOY PRIMARY-CP0636389GBP,TESCO STORE 2920,45.05,0,General Retail and Wholesale,Grocery stores
8/2/2016,DECOY PRIMARY-CP0636389GBP,BOOKER LIMITED NEWTON ABB,63.43,0,Catering and Catering Supplies,Caterers
8/2/2016,DECOY PRIMARY-CP0636389GBP,TESCO STORE 2920,57.6,0,General Retail and Wholesale,Grocery stores
21/02/2016,DECOY PRIMARY-CP0636389GBP,BOOKER LIMITED NEWTON ABB,40.98,0,Catering and Catering Supplies,Caterers
21/02/2016,DECOY PRIMARY-CP0636389GBP,TESCO STORE 2920,38.14,0,General Retail and Wholesale,Grocery stores
29/02/2016,DECOY PRIMARY-CP0636389GBP,BOOKER LIMITED NEWTON ABB,56.33,0,Catering and Catering Supplies,Caterers
29/02/2016,DECOY PRIMARY-CP0636389GBP,TESCO STORE 2920,57.37,0,General Retail and Wholesale,Grocery stores
7/3/2016,DECOY PRIMARY-CP0636389GBP,BOOKER LIMITED NEWTON ABB,63.1,0,Catering and Catering Supplies,Caterers
7/3/2016,DECOY PRIMARY-CP0636389GBP,TESCO STORE 2920,39.88,0,General Retail and Wholesale,Grocery stores
14/03/2016,DECOY PRIMARY-CP0636389GBP,BOOKER LIMITED NEWTON ABB,65.45,0,Catering and Catering Supplies,Caterers
14/03/2016,DECOY PRIMARY-CP0636389GBP,TESCO STORE 2920,14.62,0,General Retail and Wholesale,Grocery stores
21/03/2016,DECOY PRIMARY-CP0636389GBP,BOOKER LIMITED NEWTON ABB,73.04,0,Catering and Catering Supplies,Caterers
21/03/2016,DECOY PRIMARY-CP0636389GBP,TESCO STORE 2920,23.71,0,General Retail and Wholesale,Grocery stores
21/03/2016,DECOY PRIMARY-CP0636389GBP,STAPLES UK,24.99,0,"Office Stationery, Equipment and Supplies",Stationery & office supplies stores
10/4/2016,DECOY PRIMARY-CP0636389GBP,HEATHFIELD MINI MARKET,2.7,0,General Retail and Wholesale,Grocery stores
11/4/2016,DECOY PRIMARY-CP0636389GBP,BOOKER LIMITED NEWTON ABB,75.18,0,Catering and Catering Supplies,Caterers
11/4/2016,DECOY PRIMARY-CP0636389GBP,TESCO STORE 2920,40.11,0,General Retail and Wholesale,Grocery stores
18/04/2016,DECOY PRIMARY-CP0636389GBP,BOOKER LIMITED NEWTON ABB,94.48,0,Catering and Catering Supplies,Caterers
18/04/2016,DECOY PRIMARY-CP0636389GBP,TESCO STORE 2920,40.12,0,General Retail and Wholesale,Grocery stores
25/01/2016,DEVON COUNTY COUNCIL- MARLAND,TESCO STORES 6269,112.56,0,General Retail and Wholesale,Grocery stores
25/01/2016,DEVON COUNTY COUNCIL- MARLAND,HALFORDS ON LINE,48.95,0,General Retail and Wholesale,"Bicycle shops, sales & service"
25/01/2016,DEVON COUNTY COUNCIL- MARLAND,EE & T-MOBILE,76.81,0,Telecommunication Services,Phone services
28/01/2016,DEVON COUNTY COUNCIL- MARLAND,TESCO STORES 6269,93.52,0,General Retail and Wholesale,Grocery stores
1/2/2016,DEVON COUNTY COUNCIL- MARLAND,WWW.LOGMEIN.COM,130.8,0,Computer Equipment & Services,Computer network information services
1/2/2016,DEVON COUNTY COUNCIL- MARLAND,TESCO STORES 6269,98.76,0,General Retail and Wholesale,Grocery stores
2/2/2016,DEVON COUNTY COUNCIL- MARLAND,TESCO STORES 6269,43.18,0,General Retail and Wholesale,Grocery stores
3/2/2016,DEVON COUNTY COUNCIL- MARLAND,TESCO DELIVERY SAVER2,6,0,Mail Order / Direct Selling,Continuous subscriptions
5/2/2016,DEVON COUNTY COUNCIL- MARLAND,Amazon UK Marketplace,2.81,0,General Retail and Wholesale,Miscellaneous retail
8/2/2016,DEVON COUNTY COUNCIL- MARLAND,TESCO STORES 6269,130.76,0,General Retail and Wholesale,Grocery stores
8/2/2016,DEVON COUNTY COUNCIL- MARLAND,TESCO STORES 6269,33.45,0,General Retail and Wholesale,Grocery stores
9/2/2016,DEVON COUNTY COUNCIL- MARLAND,TESCO STORES 6269,-1.5,0,General Retail and Wholesale,Grocery stores
13/02/2016,DEVON COUNTY COUNCIL- MARLAND,Amazon UK Marketplace,21.74,0,General Retail and Wholesale,Miscellaneous retail
22/02/2016,DEVON COUNTY COUNCIL- MARLAND,TESCO STORES 6269,104.66,0,General Retail and Wholesale,Grocery stores
23/02/2016,DEVON COUNTY COUNCIL- MARLAND,Amazon UK Retail,14.98,0,Mail Order / Direct Selling,Direct sales companies
24/02/2016,DEVON COUNTY COUNCIL- MARLAND,TESCO STORES 6269,47.27,0,General Retail and Wholesale,Grocery stores
25/02/2016,DEVON COUNTY COUNCIL- MARLAND,Amazon UK Marketplace,30.2,0,General Retail and Wholesale,Miscellaneous retail
25/02/2016,DEVON COUNTY COUNCIL- MARLAND,Amazon UK Retail,22.99,0,Mail Order / Direct Selling,Direct sales companies
25/02/2016,DEVON COUNTY COUNCIL- MARLAND,EE & T-MOBILE,57.35,0,Telecommunication Services,Phone services
29/02/2016,DEVON COUNTY COUNCIL- MARLAND,TWINKL LTD,69.99,0,Clubs/Associations/Organisations,Membership organisations
29/02/2016,DEVON COUNTY COUNCIL- MARLAND,TESCO STORES 6269,106.86,0,General Retail and Wholesale,Grocery stores
29/02/2016,DEVON COUNTY COUNCIL- MARLAND,EE & T-MOBILE,150,0,Telecommunication Services,Phone services
1/3/2016,DEVON COUNTY COUNCIL- MARLAND,BOOKDEPOSITORY.COM,4.59,0,Books and Periodicals,Book stores
1/3/2016,DEVON COUNTY COUNCIL- MARLAND,TESCO STORES 6269,46.81,0,General Retail and Wholesale,Grocery stores
2/3/2016,DEVON COUNTY COUNCIL- MARLAND,TESCO STORES 6269,34.65,0,General Retail and Wholesale,Grocery stores
2/3/2016,DEVON COUNTY COUNCIL- MARLAND,Amazon UK Retail,12.98,0,Mail Order / Direct Selling,Direct sales companies
3/3/2016,DEVON COUNTY COUNCIL- MARLAND,TESCO DELIVERY SAVER2,6,0,Mail Order / Direct Selling,Continuous subscriptions
7/3/2016,DEVON COUNTY COUNCIL- MARLAND,TESCO STORES 6269,123.85,0,General Retail and Wholesale,Grocery stores
8/3/2016,DEVON COUNTY COUNCIL- MARLAND,Amazon UK Marketplace,38.99,0,Books and Periodicals,Book stores
8/3/2016,DEVON COUNTY COUNCIL- MARLAND,TESCO STORES 6269,54.04,0,General Retail and Wholesale,Grocery stores
11/3/2016,DEVON COUNTY COUNCIL- MARLAND,Amazon UK Marketplace,34.95,0,General Retail and Wholesale,Miscellaneous retail
11/3/2016,DEVON COUNTY COUNCIL- MARLAND,HALFORDS ON LINE,19.5,0,General Retail and Wholesale,"Bicycle shops, sales & service"
11/3/2016,DEVON COUNTY COUNCIL- MARLAND,MODELSPORT LTD,37.72,0,General Retail and Wholesale,"Hobby, toy & game shops"
14/03/2016,DEVON COUNTY COUNCIL- MARLAND,TESCO STORES 6269,154.57,0,General Retail and Wholesale,Grocery stores
14/03/2016,DEVON COUNTY COUNCIL- MARLAND,BODYPOWER SPORTS PLC,46.89,0,General Retail and Wholesale,Sporting goods shops
14/03/2016,DEVON COUNTY COUNCIL- MARLAND,THE ARMY STORES,57.91,0,General Retail and Wholesale,Sporting goods shops
14/03/2016,DEVON COUNTY COUNCIL- MARLAND,THORPE PARK CC,81,0,Leisure Activities,Amusement parks & circuses
15/03/2016,DEVON COUNTY COUNCIL- MARLAND,Amazon UK Marketplace,12.93,0,Books and Periodicals,Book stores
15/03/2016,DEVON COUNTY COUNCIL- MARLAND,Amazon UK Marketplace,11.98,0,General Retail and Wholesale,Miscellaneous retail
18/03/2016,DEVON COUNTY COUNCIL- MARLAND,Amazon UK Marketplace,8.92,0,General Retail and Wholesale,Miscellaneous retail
21/03/2016,DEVON COUNTY COUNCIL- MARLAND,TESCO STORES 6269,120.83,0,General Retail and Wholesale,Grocery stores
22/03/2016,DEVON COUNTY COUNCIL- MARLAND,TESCO STORES 6269,41.4,0,General Retail and Wholesale,Grocery stores
3/4/2016,DEVON COUNTY COUNCIL- MARLAND,TESCO DELIVERY SAVER2,6,0,Mail Order / Direct Selling,Continuous subscriptions
11/4/2016,DEVON COUNTY COUNCIL- MARLAND,TESCO STORES 6269,138.73,0,General Retail and Wholesale,Grocery stores
12/4/2016,DEVON COUNTY COUNCIL- MARLAND,TESCO STORES 6269,43.61,0,General Retail and Wholesale,Grocery stores
12/4/2016,DEVON COUNTY COUNCIL- MARLAND,POULTON VAN & CAR SALE,500,0,"Vehicles, Servicing and Spares",Automobile dealers - used only
18/04/2016,DEVON COUNTY COUNCIL- MARLAND,Amazon UK Marketplace,10.99,0,Books and Periodicals,Book stores
18/04/2016,DEVON COUNTY COUNCIL- MARLAND,TESCO STORES 6269,100.08,0,General Retail and Wholesale,Grocery stores
19/04/2016,DEVON COUNTY COUNCIL- MARLAND,TESCO STORES 6269,32.99,0,General Retail and Wholesale,Grocery stores
20/04/2016,DEVON COUNTY COUNCIL- MARLAND,Amazon UK Marketplace,2.82,0,Books and Periodicals,Book stores
20/04/2016,DEVON COUNTY COUNCIL- MARLAND,Amazon UK Marketplace,37.04,0,General Retail and Wholesale,Miscellaneous retail
20/04/2016,DEVON COUNTY COUNCIL- MARLAND,Amazon UK Retail,27.7,0,Mail Order / Direct Selling,Direct sales companies
20/04/2016,DEVON COUNTY COUNCIL- MARLAND,SPECSAVERSEVOUGB-,85,0,Medical Supplies and Services,Opticians
25/01/2016,WEST EXE TECHNOLOGY COLLEGE,PAYPAL KEFIRCOMPAN 22,30.98,0,General Retail and Wholesale,Miscellaneous retail
26/01/2016,WEST EXE TECHNOLOGY COLLEGE,JS ONLINE GROCERY,94.55,0,General Retail and Wholesale,Grocery stores
28/01/2016,WEST EXE TECHNOLOGY COLLEGE,PAYPAL AWESOMEMERC,69,0,Print and Advertising,Publishing & printing services
29/01/2016,WEST EXE TECHNOLOGY COLLEGE,Amazon UK Marketplace,2.46,0,General Retail and Wholesale,Miscellaneous retail
29/01/2016,WEST EXE TECHNOLOGY COLLEGE,SBT TRADING LIMITE,32,0,General Retail and Wholesale,"Gift, card & novelty shops"
30/01/2016,WEST EXE TECHNOLOGY COLLEGE,Amazon UK Marketplace,4.25,0,General Retail and Wholesale,Miscellaneous retail
30/01/2016,WEST EXE TECHNOLOGY COLLEGE,Amazon UK Retail,28.02,0,Mail Order / Direct Selling,Direct sales companies
31/01/2016,WEST EXE TECHNOLOGY COLLEGE,Amazon UK Marketplace,39.06,0,General Retail and Wholesale,Miscellaneous retail
31/01/2016,WEST EXE TECHNOLOGY COLLEGE,Amazon UK Retail,20.98,0,Mail Order / Direct Selling,Direct sales companies
1/2/2016,WEST EXE TECHNOLOGY COLLEGE,"Amazon Svcs Europe,SAR",7.03,0,Books and Periodicals,Book stores
1/2/2016,WEST EXE TECHNOLOGY COLLEGE,Amazon UK Marketplace,325.8,0,Books and Periodicals,Book stores
1/2/2016,WEST EXE TECHNOLOGY COLLEGE,Amazon UK Retail,19.32,0,Mail Order / Direct Selling,Direct sales companies
3/2/2016,WEST EXE TECHNOLOGY COLLEGE,WWW.NURTUREGROUPS.ORG,64.95,0,Clubs/Associations/Organisations,Charitable organisations
3/2/2016,WEST EXE TECHNOLOGY COLLEGE,PAYPAL EBUYER UK,492.16,0,General Retail and Wholesale,Electronics shops
4/2/2016,WEST EXE TECHNOLOGY COLLEGE,Amazon UK Marketplace,15.93,0,Books and Periodicals,Book stores
4/2/2016,WEST EXE TECHNOLOGY COLLEGE,Amazon UK Marketplace,9.35,0,General Retail and Wholesale,Miscellaneous retail
5/2/2016,WEST EXE TECHNOLOGY COLLEGE,HAMILTON HOUSE MAILING,12,0,Miscellaneous Industrial/Commercial Supplies,Misc business services
6/2/2016,WEST EXE TECHNOLOGY COLLEGE,Amazon UK Retail,25.99,0,Mail Order / Direct Selling,Direct sales companies
7/2/2016,WEST EXE TECHNOLOGY COLLEGE,Amazon UK Retail,25.34,0,Mail Order / Direct Selling,Direct sales companies
8/2/2016,WEST EXE TECHNOLOGY COLLEGE,HOMEBASE LTD,64.9,0,Building Materials,Timber & building supplies
8/2/2016,WEST EXE TECHNOLOGY COLLEGE,WWW.NURTUREGROUPS.ORG,58.95,0,Clubs/Associations/Organisations,Charitable organisations
8/2/2016,WEST EXE TECHNOLOGY COLLEGE,PAYPAL GODADDY.COM,237.59,0,Computer Equipment & Services,Computer network information services
8/2/2016,WEST EXE TECHNOLOGY COLLEGE,Amazon UK Marketplace,26.52,0,General Retail and Wholesale,Miscellaneous retail
8/2/2016,WEST EXE TECHNOLOGY COLLEGE,Amazon UK Retail,40.83,0,Mail Order / Direct Selling,Direct sales companies
10/2/2016,WEST EXE TECHNOLOGY COLLEGE,ARGOS RETAIL GROUP,15.96,0,General Retail and Wholesale,Discount stores
10/2/2016,WEST EXE TECHNOLOGY COLLEGE,Amazon UK Retail,28.99,0,Mail Order / Direct Selling,Direct sales companies
10/2/2016,WEST EXE TECHNOLOGY COLLEGE,ARGOS DIRECT,-15.96,0,Mail Order / Direct Selling,Catalogue sales
12/2/2016,WEST EXE TECHNOLOGY COLLEGE,Amazon UK Marketplace,12.99,0,Books and Periodicals,Book stores
12/2/2016,WEST EXE TECHNOLOGY COLLEGE,Amazon UK Marketplace,22.99,0,Books and Periodicals,Book stores
12/2/2016,WEST EXE TECHNOLOGY COLLEGE,TICKETLINE,189.5,0,Leisure Activities,Theatres and ticket agencies
12/2/2016,WEST EXE TECHNOLOGY COLLEGE,Amazon UK Retail,15.6,0,Mail Order / Direct Selling,Direct sales companies
12/2/2016,WEST EXE TECHNOLOGY COLLEGE,PAYPAL LAKELANDLIM,14.87,0,Miscellaneous Industrial/Commercial Supplies,Misc Durable goods
14/02/2016,WEST EXE TECHNOLOGY COLLEGE,Amazon UK Marketplace,204.31,0,Books and Periodicals,Book stores
19/02/2016,WEST EXE TECHNOLOGY COLLEGE,ITUNES.COM/BILL,3.99,0,General Retail and Wholesale,Record shops
23/02/2016,WEST EXE TECHNOLOGY COLLEGE,Amazon UK Marketplace,1.38,0,Books and Periodicals,Book stores
23/02/2016,WEST EXE TECHNOLOGY COLLEGE,Amazon UK Marketplace,15.22,0,Books and Periodicals,Book stores
23/02/2016,WEST EXE TECHNOLOGY COLLEGE,Amazon UK Marketplace,4.99,0,General Retail and Wholesale,Miscellaneous retail
24/02/2016,WEST EXE TECHNOLOGY COLLEGE,WP-EARLY START LAN,41.67,0,Print and Advertising,Publishing & printing services
25/02/2016,WEST EXE TECHNOLOGY COLLEGE,Amazon UK Marketplace,5.08,0,General Retail and Wholesale,Miscellaneous retail
26/02/2016,WEST EXE TECHNOLOGY COLLEGE,TICKETLINE,10,0,Leisure Activities,Theatres and ticket agencies
27/02/2016,WEST EXE TECHNOLOGY COLLEGE,Amazon UK Marketplace,68.8,0,Books and Periodicals,Book stores
28/02/2016,WEST EXE TECHNOLOGY COLLEGE,Amazon UK Marketplace,39.6,0,General Retail and Wholesale,Miscellaneous retail
29/02/2016,WEST EXE TECHNOLOGY COLLEGE,Amazon UK Marketplace,9.6,0,General Retail and Wholesale,Miscellaneous retail
15/03/2016,WEST EXE TECHNOLOGY COLLEGE,RING GO PP,2.3,0,Travel - Air/Rail/Road,Car parking & garages
24/03/2016,WEST EXE TECHNOLOGY COLLEGE,VESTA EE TOP UP,10,0,Telecommunication Services,Phone services
13/04/2016,WEST EXE TECHNOLOGY COLLEGE,PAYPAL SWIFTKLEEN,82.5,0,Professional Services,Accountants & auditors
14/04/2016,WEST EXE TECHNOLOGY COLLEGE,PAYPAL WHSMITHHIGH,33.54,0,Books and Periodicals,Book stores
14/04/2016,WEST EXE TECHNOLOGY COLLEGE,Amazon UK Marketplace,37.05,0,General Retail and Wholesale,Miscellaneous retail
14/04/2016,WEST EXE TECHNOLOGY COLLEGE,PAYPAL WESTWAYOILS,21.25,0,Miscellaneous Industrial/Commercial Supplies,Chemical products